Folder,DROID Score
flip_pot_upright_0,0.07792501896619797
flip_pot_upright_9,0.11483097821474075
