Folder,RAFT Score
flip_pot_upright_0,0.2102446699212775
flip_pot_upright_9,0.3600030810641675
